La UCO acredita que el fiscal general borró sus mensajes de Whatsapp 'hasta en dos ocasiones' el mismo día que el Supremo le abrió causa,El Mundo,0
"‘Caso Barbate’, un doble crimen resuelto pero no cerrado",EL PAÍS,0
Cómo queda el Salario Mínimo en 2025 tras la subida que se aprueba mañana en Consejo de Ministros,La Razón,0
Óscar López advierte sobre la 'ola ultra',RTVE,0
30.000 candidatos para 350 empleos: Las ofertas de trabajo como temporeros en África desborda todas las previsiones,EL PAÍS,0
Una jueza denegó medidas de protección hace una semana a la mujer asesinada en Benalmádena,EL PAÍS,0
Así quedan los puntos de Jurado Diario tras la decimoctava sesión de preliminares del COAC 2025,Carnaval de Cádiz,0
Los médicos extremeños se manifiestan contra la reforma que prepara el Ministerio: «No al esclavismo,Hoy.es,0
El tiempo: La Aemet anuncia una semana de lluvias en el oeste peninsular y de temperaturas suaves | España,EL PAÍS,0
El Gobierno plantea acabar por ley con el fenómeno de los niños youtubers,El Mundo,0
La protesta agraria vuelve este lunes a las carreteras aragonesas un año después porque 'el campo está ahora en una situación peor',Heraldo.es,0
"Casa Orsola, varios desahucios y otra gran manifestación: la crisis de la vivienda no da tregua en una semana con muchas sombras",Público,0
"Nolasco, con Abascal: 'No negociaremos los presupuestos si el PP no rompe con el PSOE en Bruselas'",Heraldo.es,0
"Rebajas del IBI para jóvenes, guarderías gratis y un plan antiokupación: estas son las medidas del PP en los 'Acuerdos de Zaragoza'",Heraldo.es,0
Un peligro se cierne sobre el renovado amor de Yolanda Díaz y Carlos Cuerpo: el pulgar de Puigdemont,El Mundo,0
La Guardia Civil certifica que García Ortiz no habló con periodistas la noche de la filtración del correo de la pareja de Ayuso,elDiario.es,0
El profesor de violín que aspiró al puesto de David Sánchez: «Entendí que para acceder a las notas tenía que pasar un proceso complejo»,ABC.es,0
"Noticias del corazón: las portadas de hoy de las revistas traen a David Rodríguez, novio de Anabel Pantoja, abandonando Gran Canaria y la casa familiar",El Periódico,0
El íntimo de Sánchez que buscó patrocinadores a Begoña también ayudó a su hermano a financiar sus óperas...,Okdiario,0
"Maruja Ruiz Martos, la verdadera pionera del bus de ‘El 47′",EL PAÍS,0
Bildu arranca el último mandato de Otegi con una invitación al PNV para alcanzar 'acuerdos entre abertzales',La Vanguardia,0
La AEMET avisa por el tiempo que llega a partir de mañana,Okdiario,0
Una mujer herida grave al colisionar una moto y un coche en Tejeda (Gran Canaria),La Vanguardia,0
Muere en León un escalador vigués donde años atrás perdió a su padre,Faro de Vigo,0
Los agricultores firman un pacto con Agricultura para desconvocar las protestas,La Vanguardia,0
Cómo acabó Pilar atrapada con más de 200 kilos en un sexto piso,EL PAÍS,0
Noche de regresos en la segunda preliminar del Carnaval de Málaga,Diario Sur,0
"Jessica Carrizosa, futbolista de la Unión Deportiva Paterna, muere atropellada por un VTC en Valencia",Okdiario,0
La Mesa del Senado acusa a Sánchez de querer 'desnacionalizar' el Consejo de Ministros a través del Tratado de Amistad con Francia,El Mundo,0
La señal que anticipa si una persona va a okupar tu casa si se la alquilas: lo desvela una abogada,COPE,0
Comunidad Valenciana Informativos,RTVE,0
El alcalde invita al Papa Francisco a venir a Sevilla a conocer en persona el potencial de las hermandades y le regala una pintura de la Virgen de los Reyes,Ayuntamiento de Sevilla,0
Los afines al Gobierno en Prisa suman apoyos para arrebatar la presidencia a Oughourlian,The Objective,0
Varios futbolistas salvan la vida a un árbitro de 29 años tras sufrir una parada cardíaca en un polideportivo de Moratalaz,El Mundo,0
La AEMET tiene malas noticias para España: lo que se queda hasta el 2 de marzo,Okdiario,0
"Óscar Puente usa una foto manipulada contra Abascal y, en lugar de pedir perdón, presume: 'Camino de dos millones'",Libertad Digital,0
Fedea advierte contra las “indemnizaciones a la carta” en los despidos improcedentes,EL PAÍS,0
La Junta de Extremadura denuncia que el anterior gobierno ocultó un desvío de 166 millones de euros,elEconomista,0
Madrid: autobuses gratis para Lucero y Batán por el cierre de pasos subterráneos en la A-5,La Razón,0
DGT informa: la línea roja pintada en una carretera de Andalucía que jamás debes ignorar,andaluciainforma.eldiario.es,0
Los sondeos dan a Vox su mejor dato de la legislatura y entraría con fuerza en un Gobierno de Feijóo,Público,0
Sorpresa de la AEMET para los andaluces: giro inesperado en prácticamente toda Andalucía,andaluciainforma.eldiario.es,0
Un exfiscal general forma parte del tribunal que revisará el registro al despacho de García Ortiz,El Independiente,0
El PP de Andalucía pide llevar los ERE a la Justicia europea al considerar que el Tribunal Constitucional 'se extralimitó',elDiario.es,0
Una explosión provocada por una estufa de leña acaba con la muerte de un niño de 10 años y su tía abuela en un pueblo de Badajoz,ABC.es,0
Ser el último inquilino de una finca de lujo para extranjeros: 'Si hablo con los vecinos es con el traductor de Google',elDiario.es,0
La tristeza de María del Monte: su ruptura familiar en el aniversario más amargo,Lecturas,0
Sevilla tendrá 110 nuevas viviendas en el antiguo edificio Rubén Darío de Telefónica en Triana,ABC.es,0
Juicio a Rubiales: La eterna gatera del fútbol español | Fútbol | Deportes,EL PAÍS,0
Un juzgado cita el miércoles a Pedro Sánchez para un acto de conciliación con el novio de Ayuso,La Voz de Galicia,0
"Fraga se cae del callejero de Cariño y el PP, incapaz de evitarlo, mete la pata",La Voz de Galicia,0
"Prisión provisional para el novio de Noemí Villar, la mujer desaparecida en Santa Olalla (Huelva)",El Mundo,0
Una estadounidense se muda a España y no tiene reparos en señalar lo que ha dejado de hacer: “No lo echo de me,AS ,0
La Ronda Urbana Norte de Sevilla limitará su velocidad a '30' por las obras del metro,ABC.es,0
La gijonesa Lucía Martiño anuncia su boda: «No puedo estar más feliz»,El Comercio: Diario de Asturias,0
"La empresaria de las bolsas de Ferraz, clave en tres causas de corrupción",La Razón,0
Una empresa fotovoltaica de Rafa Nadal contrata a una consultora del consejero balear de Medio Ambiente,elDiario.es,0
El gigante tecnológico Salesforce cambia su sede en Madrid a un edificio de Mutua y paga precio récord,elEconomista,0
Más de 2.000 personas toman las calles para pedir la absolución de 'Las seis de La Suiza',Público,0
"El colmo de la injusticia: embargan por segunda vez a Pilar, la viuda arruinada por culpa de su inquiokupa",Libre Mercado,0
Un accidente múltiple obliga a cortar el tranvía de Murcia al quedar un coche inmovilizado sobre las vías,La Opinión de Murcia,0
Lo que revela una imponente fortaleza de 4.900 años de antigüedad en Extremadura,Historia National Geographic,0
La inversión en el mercado de alquiler en Barcelona se desploma un 30%,elEconomista,0
