Titulo,Fuente,clickbait,Probabilidad
La denuncia del PP reclama una inhabilitación de Sánchez de entre cinco y 10 años por no inhibirse en el rescate de Air Europa ,El Mundo,SI,0.9897027611732484
Puigdemont: “Con el calendario electoral en la mano podré estar presente en el debate de investidura” ,EL PAÍS,NO,0.9998570680618286
"Elecciones Catalunya | Pere Aragonès convoca las elecciones catalanas para el 12 mayo de 2024, última hora ",La Vanguardia,NO,0.9999678134918212
La Fiscalía ofrece a la pareja de Ayuso un pacto para que admita dos delitos fiscales ,El Mundo,NO,0.9999662637710572
¿Qué es el Hard Rock? Del Eurovegas con el que Cataluña rivalizó con Esperanza Aguirre al proyecto que ha provocado el adelanto de elecciones en Cataluña para el 12 de mayo tras el 'no' a los Presupuestos de Pere Aragonès ,El Mundo,NO,0.9991549253463744
¿Va a llover en Semana Santa? Ya tenemos algunas pistas de lo que pasará ,Eltiempo.es,SI,0.999909520149231
Bolaños y Pons no ven avances en la renovación del CGPJ pero Reynders sí y lleva la próxima reunión a Madrid ,El Mundo,NO,0.9999456405639648
Un preso mata a la cocinera de una cárcel en Tarragona y después se suicida ,AS,NO,0.9999675750732422
Mejor hubiera sido que le exigiera su dimisión como novia ,El Mundo,SI,0.9999443292617798
"Joaquín ‘El Prestamista’, de los ‘Gipsy Kings’, detenido en un operativo antidroga ",AS,NO,0.9999574422836304
"La búsqueda de Javier Márquez, el joven desaparecido en Logroño, llega hasta Pina de Ebro ",Heraldo.es,NO,0.9999313354492188
La confesión del asesino del Hinojal: «Me gusta apostar y me comían las deudas. Le estrangulé» ,El Debate,NO,0.9985926747322084
Juan Carlos I ya está en Sanxenxo tras pasar por Vitoria para su revisión médica ,La Voz de Galicia,NO,0.9203097820281982
La periodista Imma Lucas tras el debate sobre la ley de amnistía: Los jueces desconfían de los propios j ,laSexta,NO,0.9999525547027588
Sánchez se aferra a la gran mentira de Aznar en el 11-M para evitar dar explicaciones en el Senado sobre el 'caso Koldo' ,El Mundo,NO,0.9998817443847656
Los Reyes presiden este jueves en el Palau Ducal de Gandia la entrega de los Premios Nacionales de Investigación 2023 ,Onda Naranja Cope,NO,0.9999427795410156
Así será Son Busquets: 831 viviendas y 'colinvings' para dar cabida a 672 jóvenes ,Ultima Hora,NO,0.9999005794525146
Cae una red asentada en Andalucía que se lucraba con la repatriación de cadáveres de magrebíes fallecidos en el mar ,ABC.es,NO,0.9999016523361206
"Mazón suprimirá los impuestos verdes al coche, la industria y las grandes superficies comerciales ",Levante-EMV,NO,0.9999728202819824
El vicepresidente de Aragón rompe el folleto del Ramadán de Huesca: El Islam es la religión del maltrato a la mujer ,El Mundo,SI,0.9622108340263368
Aemet lanza su previsión del tiempo para escd datate miércoles fallero en Valencia ,Las Provincias,NO,0.9999715089797974
Esta es la mejor hamburguesa de España según un jurado con estrellas Michelín: dónde se vende y cuál es su precio ,ABC.es,SI,0.9999654293060304
Junts reivindica la amnistía ante el Gobierno y afirma que una democracia debe «saber pedir perdón» ,La Voz de Galicia,NO,0.9997283816337584
Policía Nacional de España desarticula un grupo criminal que robaba en viviendas de lujo de futbolistas expuestas en redes sociales ,CNN en Español,NO,0.9998096823692322
El Congreso se une para tramitar la ley del ELA del PP después del rapapolvo de Unzué a los diputados ,El Mundo,NO,0.7853780388832092
"Las Noticias de ABC: 20 años de los atentados del 11-M, las medidas de Feijóo y el apoyo del SEPI a las empresas ",ABC.es,NO,0.986908197402954
"Jorge y Celia, un matrimonio del autocar accidentado: «No era nuestra fecha de caducidad» ",Ultima Hora,NO,0.5953577160835266
El novio de Ayuso se compró un Maserati que debe multas e impuestos al ayuntamiento de Madrid ,El HuffPost,NO,0.9993415474891664
Consulta las afecciones de tráfico que la salida de la Korrika causará en Irun y Hondarribia ,El Diario Vasco,NO,0.9999639987945556
Los sindicatos amenazan al futuro Gobierno vasco con más huelgas en el sector público ,El Correo,NO,0.9999598264694214
"La reserva alcanza el 56,8% con 1.171 hm3 msá, pero las cuencas catalanas no logran despegar pese a las borrascas ",Europa Press,NO,0.999959111213684
"Plan antitabaco de Sanidad: Es casi imposible, una utopía, que se pueda regular el consumo de tabaco en el ámbito privado ",El Mundo,NO,0.999903440475464
El nuevo rector en funciones de la Usal muestra su intención de convocar elecciones «lo más pronto que sea posible» ,ABC.es,NO,0.9999440908432008
El Gobierno aprueba la ley que sustituye los juzgados unipersonales por tribunales de instancia ,EL PAÍS,NO,0.9999021291732788
Un camión con bombonas de butano pierde el control y acaba en una piscina en Málaga ,ABC.es,NO,0.999946117401123
El adelanto de las catalanas pincha a Sánchez el balón de oxígeno de la votación de la amnistía ,Público,NO,0.99995756149292
Mónica García triunfa con este tuit tras conocer la acusación contra la pareja de Ayuso: sólo necesita cinco palabras ,El HuffPost,SI,0.999943733215332
Aragón acusa a Sánchez de privilegiar a sus socios independentistas con las balanzas fiscales ,Heraldo.es,NO,0.9999725818634032
"San Patricio, excusa para hermanar Madrid e Irlanda con música y gastronomía ",ABC.es,NO,0.9999450445175172
"Nace 'Hola primavera': música clásica, danza y pasacalles en la plaza del Pilar ",El Periódico de Aragón,NO,0.9975460171699524
El bus urbano vuelve a la “normalidad” ,Faro de Vigo,NO,0.9999526739120485
Padre del colegio de Torrejón de Ardoz donde ha sido detenido un profesor por presunta agresión sexual: Nos c ,Telecinco,NO,0.530769407749176
La Aemet advierte de un cambio drástico de las temperaturas en España con anomalías de hasta 12 grados ,ABC.es,NO,0.9999679327011108
ZEC insta a sacar los patinetes y las bicicletas de las aceras de Zaragoza ,Heraldo.es,NO,0.9999667406082152
Habla el vecino que encontró a un hombre ahogado en una alcantarilla: Estaba engarrotado y con los pies ,laSexta,SI,0.9989808201789856
"Recesvinto y Wamba, dos reyes visigodos enterrados en una cajita desde 1845 y para los que piden digna sepultura ",elDiario.es,NO,0.9999535083770752
"La explicación de Tezanos sobre las monjas y sus encuestas «cortadas a medida» para su «amo político, Pedro Sánchez», llegan a la prensa británica ",La Voz de Galicia,SI,0.999779999256134
"Monrosi: Es un derecho el poder ir a un médico a las 3:00 horas, pero no que vayas a cenar a la 1:00 y t ",laSexta,SI,0.9933269023895264
La presidenta de los inspectores de Hacienda pide aclarar la filtración de la inspección fiscal a la pareja de Ayuso: «Es gravísimo que salga esa información» ,ABC.es,NO,0.9999310970306396
"Un colegio de Valladolid, entre los mejores de España según la lista Forbes ",El Norte de Castilla,NO,0.999958038330078
La Policía Nacional celebra en Segovia sus 200 años como garante de la seguridad y derechos de los ciudadanos ,La Vanguardia,NO,0.9999676942825316
"Sanz presenta Madrid Nuevo Norte en MIPIM, “un gran proyecto de transformación urbana que respeta la personalidad acogedora de la ciudad” ",Ayuntamiento de Madrid,NO,0.9999184608459472
La Federación Mercantil urge crear un plan de acción para el comercio de Donostia ,Noticias de Gipuzkoa,NO,0.9999725818634032
"Miles de asesores laborales pretenden colapsar Hacienda, Seguridad Social y SEPE ",COPE,SI,0.9996578693389891
El autobús al aeropuerto de Loiu se suma el lunes a la Mugi y se abarata un 80% ,El Diario Vasco,NO,0.9999047517776488
España tiene los permisos de paternidad más largos de la OCDE. El problema es que los estamos solapando ,Xataka,NO,0.9999284744262696
La Inteligencia Artificial para estudios no invasivos y nuevas técnicas de rejuvenecimiento ovárico revolucionan la Medicina Reproductiva ,La Vanguardia,NO,0.9507825374603271
El alcalde de Almendralejo sitúa en Bastión Central al autor del ataque a la sede del PSOE ,Hoy.es,NO,0.9999380111694336
Rovi e Insud crearán con el Gobierno la primera farmacéutica semipública ,elEconomista,NO,0.999970316886902
Multa de 750 euros por orinar en un Patrimonio de la Humanidad en Valencia ,ABC.es,NO,0.999969244003296
«Mi madre está enferma»: enamoran a una mujer en redes sociales y le estafan 1.500 euros ,ABC.es,SI,0.9997617602348328
Utilizan la imagen del alcalde de Vigo para cometer una estafa en las redes sociales ,La Voz de Galicia,NO,0.8358976244926453
Cierra H&M en un famoso centro comercial de Zaragoza ,Heraldo.es,SI,0.9999715089797974
La Junta concreta que en abril arrancan las obras de la línea 3 del Metro de Sevilla en Pino Montano ,Diario de Sevilla,NO,0.9999288320541382
Pradales apuesta en Errenteria por una «juventud bien formada y pagada» que garantice el futuro de la industria vasca ,El Diario Vasco,NO,0.9999663829803468
Si haces esto estás perjudicando gravemente tu salud ,Okdiario,NO,0.9937872886657716
Álava pierde el pueblo de Guinea por disputas entre sus vecinos: No es grato ,COPE,NO,0.9999613761901855
"Joan Gomila, la sonrisa bonachona del bar Savoy en Palma: “El panecillo de 'trempó' ya lo hacía mi padre, pero desaparecerá conmigo” ",Diario de Mallorca,SI,0.9997084736824036
Detienen a una pareja tras hacer un simpa en un Hotel de Guadalajara ,La Razón,SI,0.9998207688331604
Feijoo derogará la amnistía si gobierna y extiende la duda sobre la corrupción ,La Voz de Galicia,NO,0.9999635219573976
Los siguientes pasos de la amnistía: ¿Cuándo será definitiva? ¿Cómo afecta a Puigdemont? ,El Mundo,NO,0.9986586570739746
Feijóo alerta de que la amnistía divide y no pasará el filtro judicial ni el de la calle ,Onda Cero,SI,0.9983701109886168
Las comunidades piden tiempo para analizar los planes de Sanidad contra el tabaco y para ampliar los espacios libres de humo ,EL PAÍS,NO,0.9999676942825316
El tuit de Ayuso en 2016 que se ha hecho viral tras el caso de su pareja ,AS,SI,0.9999604225158693
Los diez protagonistas del 12-M: unas elecciones que pillan a todos con el pie cambiado menos a Puigdemont ,El Mundo,SI,0.999964952468872
La cuenta atrás de Puigdemont: el ajustado calendario electoral para su posible candidatura ,laSexta,NO,0.9999338388442992
El preso que mató a la cocinera de la cárcel de Mas d'Enric cumplía condena por matar a puñaladas a una prostituta ,EL PAÍS,NO,0.9999467134475708
Gandia sale a la calle para recibir a los Reyes Felipe y Letizia ,Levante-EMV,NO,0.9999548196792604
La justicia europea condena a España por no prevenir la contaminación por nitratos debido a la agricultura y la ganadería ,EL PAÍS,NO,0.999967098236084
Pablo Iglesias abre tasca en pleno Lavapiés ,ABC.es,NO,0.9987488985061646
Sumar se desvincula de la «equivocada» renuncia «unilateral» del PSOE a aprobar los Presupuestos ,ABC.es,NO,0.9999622106552124
El tiempo en Semana Santa: calor en el Mediterráneo y lluvia en la zona oeste ,El Mundo,NO,0.999941349029541
"La Guardia Civil arresta a 'El Iván', hijo de 'El Pablo', en el marco de la operación 'Jaque mate' ",Ultima Hora,NO,0.999963879585266
La enfermedad 'silenciosa' que ya afecta al 15% de la población en España: reconoce sus síntomas ,La Razón,NO,0.9998584985733032
Sanidad estudia la gratuidad del preservativo para los jóvenes españoles ante el aumento de las ITS ,Heraldo.es,NO,0.999970555305481
"Ayuso intenta regatear la crisis por el fraude de su pareja mientras la izquierda pide su dimisión: “Es como Aguirre, González, Cifuentes...” ",EL PAÍS,NO,0.999874472618103
Ninot Indultat Infantil 2024: La abuelita con alzhéimer de Duque de Gaeta logra el indulto ,Las Provincias,SI,0.9999576807022096
Inicio - Actividades y Agenda - Audiencia a una delegación del Comité Español de Representantes de Personas con Discapacidad (CERMI) ,Casa Real,SI,0.9946288466453552
Ciutadans propone una alianza constitucionalista con el PP de cara al 12-M ,La Vanguardia,NO,0.9998775720596312
La jueza envía a prisión a tres de los 8 detenidos por la agresión múltiple de la Cosa Nostra en Castelló ,El Periódico Mediterráneo,NO,0.9999699592590332
María Jesús Montero se desmiente a sí misma ,Libertad Digital,NO,0.9981786012649536
El Gobierno bloquea el plan del alcalde de Sevilla de “privatizar” la Plaza de España ,Diario de Sevilla,NO,0.999964952468872
"Beatriz, víctima de los alineadores dentales invisibles: Me fracturaron el hueso y se me cayó un diente. Ni reembolso, ni un implante ",elEconomista,SI,0.994296133518219
Aragonès contactó con Yolanda Díaz para convencer a los comuns: Si fuera Pedro Sánchez estaría enfadado ,elDiario.es,NO,0.9998220801353456
"Jaén Merece Más, abierto a propuestas dirigidas a sanear totalmente el Ayuntamiento de Jaén ",ABC.es,NO,0.999964475631714
Las mentiras de Ayuso sobre la casa donde vive y el fraude fiscal de su pareja ,elDiario.es,SI,0.9999659061431884
Las negociaciones del CGPJ: Estamos esperando a ver quién cede primero ,El Mundo,NO,0.9999645948410034
Así es la hamburguesa valenciana que ha quedado como la tercera mejor en España ,Las Provincias,SI,0.9984343647956848
Consulta las afecciones de tráfico que la salida de la Korrika causará en Irun y Hondarribia ,El Diario Vasco,NO,0.9999639987945556
El meteorólogo Jovi Esteve prevee una Fallas inmejorables ,Onda Cero,NO,0.9999611377716064
El mapa del Madrid tensionado por la vivienda: los alquileres están disparados en 16 de sus 21 distritos ,Somos Madrid,NO,0.9999293088912964
'Regañinas' de los funcionarios a los asesores en una protesta histórica pero sin cortes del servicio ,elEconomista,NO,0.9989826083183287
"Habla el tío de Javier Márquez, el joven desaparecido en Logroño: “Estamos rotos por el dolor” ",Lecturas,NO,0.9998857975006104
Vox echa un pulso al PP de Mazón con su veto a un premio contra los delitos de odio y agranda la brecha entre los socios ,El Mundo,SI,0.9707632660865784
Los funcionarios recibirán una paga extra de 176 euros después de Semana Santa por los atrasos de la subida salarial de 2024 ,ABC.es,NO,0.9999508857727052
Las señales que indican que tu hijo tiene altas capacidades ,ABC.es,SI,0.999808132648468
El invierno inicia su última semana con más de 20 grados en casi media España ,El Mundo,NO,0.9999226331710817
Así será Son Busquets: 831 viviendas y 'colivings' para dar cabida a 672 jóvenes ,Ultima Hora,NO,0.9998997449874878
La España vacía recibe solo el 14% de la inversión de las empresas públicas estatales ,EL PAÍS,NO,0.9999682903289796
Junta y Ayuntamiento se reunirán tras Semana Santa para concretar la ubicación de la Ciudad de la Justicia de Jerez ,Diario de Jerez,NO,0.999950647354126
"Mazón anuncia que el impuesto a grandes superficies, industria y coches no entrará en vigor ",Valencia Plaza,NO,0.9999734163284302
Dónde comer y beber en Fallas: los mejores restaurantes y bares para disfrutar de Valencia ,Marca,NO,0.9999103546142578
Arrestadas 29 personas en una redada en un edificio okupado de Martutene ,El Diario Vasco,SI,0.9999690055847168
Se cumplen cuatro años del decreto del estado de alarma: Herencias de una sociedad pospandémica ,Faro de Vigo,NO,0.9999314546585084
Muere un trabajador al caer desde la cubierta de una nave en el astillero vigués San Enrique ,Faro de Vigo,NO,0.999970316886902
"Movilización de más de 5.500 jueces, fiscales y abogados contra la Ley de amnistía: Está en peligro el Estado de Derecho ",El Mundo,SI,0.5707403421401978
Investigan si la droga que mató a Ryan en Getafe salió de un narcopiso de Villaverde donde se encontró fentanilo ,Telemadrid,SI,0.9999709129333496
La Comunidad de Madrid incorporará 315 maquinistas y 105 jefes de sector a la plantilla de Metro ,Metro de Madrid,NO,0.9999598264694214
El reparto desigual de las lluvias del invierno agrava la situación de sequía en el área mediterránea ,ABC.es,NO,0.9999362230300904
"Antonio Elorza, sobre los talleres del Museo de América: «La militancia indigenista no es más que otra form... ",ABC.es,NO,0.9999648332595824
¿Cuándo es el cambio de hora en España? Día del nuevo horario de verano 2024 | Vídeo ,El Periódico,NO,0.9995543360710144
Detenidas 14 personas por hacer negocio de la identificación y repatriación de cadáveres de migrantes hallados en España ,elDiario.es,NO,0.9999696016311646
Productores marroquíes descartan la hepatitis A en fresas y denuncian una campaña difamatoria ,Expansión,NO,0.9999622106552124
Gran despliegue policial para desalojar un antiguo restaurante 'okupado' en el centro de Zaragoza ,Heraldo.es,NO,0.9999663829803468
"Las seis multas pendientes de Alberto González Amador, novio de Ayuso, son por aparcar en la zona SER ",EL ESPAÑOL,SI,0.9998774528503418
Més cuestiona el vínculo de la regidora Jero Mayans y Vox Palma con 'El Charly' ,Ultima Hora,NO,0.9999196529388428
Descubre la Ruta de la Torrija para la Semana Santa de Sevilla 2024 ,El Correo de Andalucía,NO,0.999896764755249
De la mansión al compro oro del centro: el destino de las joyas y relojes robados a futbolistas ,ABC.es,NO,0.8189224004745483
Detenida en Zaragoza por cobrar durante más de tres años la pensión de su madre fallecida ,Heraldo.es,NO,0.9999700784683228
El radar de tramo de Saltacaballo cubrirá 6 kilómetros de recorrido entre Castro y Ontón ,El Correo,NO,0.999970316886902
El gestor de Arahal relacionado con la inspección fiscal a la pareja de Ayuso: «Las tres facturas que he hecho son reales y los trabajos también» ,ABC.es,NO,0.999935507774353
Denuncian a dos profesoras de Requena por disfrazarse de monjas para impartir clase el 8M ,ABC.es,SI,0.999968409538269
Dos heridos tras volcar su coche en la carretera GI-3440 de Hondarribia ,El Diario Vasco,NO,0.999971866607666
"Diez colegios de Valencia entre los 100 mejores de España, según Forbes ",Las Provincias,NO,0.9999691247940063
¡Qué casualidad! | Opinión | Víctor Orcástegui ,Heraldo.es,SI,0.9999243021011353
Un camión con bombonas de butano cae en una piscina de una urbanización en Málaga ,Telecinco,NO,0.999963641166687
"La tienda de H&M en Salamanca, en la lista de las que cerrarán durante este año ",Tribuna Salamanca,NO,0.9999662637710572
SEO/BirdLife mapea España para evitar el impacto negativo del desarrollo de las energías renovables en las aves ,Europa Press,NO,0.999964952468872
El asesino de la cocinera de Mas Enric ya fue expedientado por agredir a otro preso ,La Vanguardia,NO,0.9999539852142334
El abogado de Puigdemont dice que el 'expresident' está dispuesto a volver a España y ser detenido ,EL PAÍS,NO,0.9884554147720336
"Isabel Díaz Ayuso: No es el delito, es la mentira | Opinión ",EL PAÍS,NO,0.9952542781829834
El tope al alquiler entra en vigor este sábado en 140 municipios catalanes | Listado de ciudades ,El Periódico,NO,0.9999704360961914
El infierno para Sánchez sin Presupuestos nuevos: negociar con socios más inestables y proyectos estrella en el aire ,El Mundo,SI,0.999934196472168
Un fallecido y cinco heridos en el accidente múltiple de la AP-7 en Nules (Castellón) ,ABC.es,NO,0.9999735355377196
"Vota | La amnistía, ¿fortalece la convivencia o divide a España en dos, como denuncia Feijóo? ",COPE,NO,0.9999716281890868
La inacción de cinco comunidades líderes en regadío y ganado porcino arrastra a España a una condena por contaminación ,elDiario.es,SI,0.9965930581092834
Calor de mayo en el último fin de semana de invierno: hasta 30ºC en estas zonas ,Eltiempo.es,NO,0.9999229907989502
Tras el invierno más cálido desde 1870 la Aemet avisa de lo que nos espera para primavera ,Público,NO,0.9999241828918456
Un estudio apunta a Ayuso en las muertes de las residencias de Madrid y concluye que se podrían haber evitado ,Público,SI,0.9951578974723816
El juez manda a prisión a tres de los ocho detenidos por la agresión de un grupo de extrema derecha a un casal antifascista en Castellón ,EL PAÍS,NO,0.9999721050262452
¿Va a llover en Semana Santa? Última actualización del mapa de lluvia ,Eltiempo.es,SI,0.9995263814926147
El novio de Ayuso se querellará contra María Jesús Montero por un presunto delito de revelación de secretos ,AS,SI,0.9949459433555604
Pablo Iglesias abre un bar solo para rojos en el barrio de Lavapiés ,El Mundo,SI,0.8535742163658142
La legislatura se pudre a cámara rápida ,Blogs El Confidencial,SI,0.9997475743293762
Illa sitúa a Núria Parlon como portavoz del PSC en una ejecutiva continuista ,La Vanguardia,NO,0.9999608993530272
Cuatro de cada diez potenciales beneficiarios del ingreso mínimo vital desconoce su existencia ,EL PAÍS,NO,0.9999420642852784
El menú de Ricard Camarena que han degustado los Reyes en Gandia ,Las Provincias,NO,0.9999653100967408
Policía Nacional y Guardia Civil 'blindan' los juzgados ante la llegada de los 23 detenidos de la 'operación Jaque mate' ,Ultima Hora,NO,0.9999736547470092
Juan Carlos I recibe la visita de la infanta Elena en Sanxenxo y se prepara para defender su título de campeón de España y Europa ,La Voz de Galicia,NO,0.9998492002487184
Lo que traerá la nueva ley del tabaco ,El Comercio: Diario de Asturias,NO,0.9871354699134828
Directo: Los agricultores exigen al consejero «menos promesas y más acciones» y reanudan la marcha ,El Norte de Castilla,NO,0.999963641166687
"La portavoz de la familia de Javier, el joven desaparecido en Logroño: Le vamos a traer de vuelta a casa ",Telecinco,NO,0.9999452829360962
Sánchez acumula un retraso de un año en el cuarto pago de Next Gen justo cuando Bruselas pide acelerar ,INVERTIA,NO,0.9999728202819824
El dilema catalán de Feijóo tras el adelanto electoral ,Libertad Digital,NO,0.9999316930770874
Tiempo VALENCIA: Fallas a más de 30 ºC ,Levante-EMV,NO,0.999964475631714
"Alcer reclama prevención para las enfermedades renales, que afectan al 15% de la población ",El Norte de Castilla,NO,0.9999690055847168
"Qué es Hard Rock, el macrocasino que ha torpedeado la política catalana y los PGE ",Expansión,NO,0.9999080896377563
Las 10 veces que Sánchez pidió elecciones a Rajoy porque no tenía Presupuestos ,El Mundo,SI,0.9999533891677856
El supremo allana el camino a la ZAL del Puerto de Valencia ,Expansión,NO,0.9999724626541138
El jurado declara culpable al acusado de envenenar con desatascador al anciano al que cuidaba ,La Rioja,NO,0.9999483823776244
"Las piscinas privadas no podrán llenarse este verano pero sí las públicas, deportivas y hoteleras ",Diario Sur,NO,0.9999277591705322
"Desalojan a 56 personas del antiguo instituto de Martutene, en San Sebastián, tras las quejas vecinales ",COPE,NO,0.9999704360961914
Fallas sección Especial infantil 2024 ,Las Provincias,NO,0.9999713897705078
La renuncia de Sánchez a los presupuestos del 2024 desata las tensiones entre el PSOE y Sumar ,La Vanguardia,NO,0.9999544620513916
Feijóo quiere recuperar a Arrimadas para las elecciones de Cataluña ,AS,NO,0.9999208450317384
"“La cita previa es una 'maldición' con la que hay que acabar de una vez por todas”, afirma Fernando... ",Confilegal,SI,0.9999438524246216
Patética respuesta de Pilar Alegría tras el tuit de Puente contra Ayuso ,Libertad Digital,SI,0.9999682903289796
Herrera se agarró a las «inquietudes» de Trillo tras conocer las intenciones de la Perla Negra ,El Norte de Castilla,SI,0.9999679327011108
La Esperanza de Triana estrena el pasado del manto de Borrero ,ABC.es,NO,0.9999626874923706
Preservativos gratis: «A los 16 años el dinero es una de las principales barreras para no usarlos» ,ABC.es,NO,0.9999567270278932
Estos son los mejores colegios de Asturias según 'Forbes' ,El Comercio: Diario de Asturias,NO,0.9998894929885864
"El proyecto de ley para abolir la prostitución llegará al Congreso en los próximos días, según la ministra de Igualdad ",EL PAÍS,NO,0.999669909477234
El improvisado gesto de la reina Letizia en lengua de signos ,Libertad Digital,SI,0.9999505281448364
Más de 400 vecinos de Torrejón de la Calzada y Cubas de la Sagra piden detener una planta de biogás: “El sur es el residuo de Madrid” ,EL PAÍS,NO,0.9999507665634156
Las elecciones anticipadas en Catalunya posponen el pacto PSC-ERC en Barcelona y rearman a Collboni para dejar fuera a Colau ,El Periódico,NO,0.9999552965164183
Rastrean la entrega de un cuerpo a la red de funerarias en Murcia ,La Verdad,NO,0.999967098236084
La izquierda resucita el 'fantasma' de Aguirre y González para intentar cercar a Ayuso con el caso de su pareja ,El Mundo,SI,0.9993122816085817
Antonio Tejado se rompe ante el juez: la frase literal con la que ha hecho referencia a su tía María del Monte ,Lecturas,NO,0.9991249442100524
¿Por qué habrá cañonazos y gritos de guerra en Zaragoza este fin de semana? ,Heraldo.es,SI,0.999962568283081
El reto de restaurar el interior de la Giralda ,Diario de Sevilla,NO,0.999959111213684
Exigen limitar las nuevas rutas aéreas y poner el freno al crecimiento del tráfico aéreo de Baleares ,La Vanguardia,NO,0.999970316886902
El duelo imposible tras perder a un familiar en las residencias ,RTVE,SI,0.6563100814819336
A prisión dos hombres que grababan vídeos de contenido sexual de dos menores para vender en redes sociales ,EL ESPAÑOL,SI,0.9999721050262452
El artista deja a medio plantar la falla infantil de la comisión del edificio incendiado ,La Vanguardia,NO,0.9999653100967408
La Audiencia de Las Palmas ordena la liberación de un menor senegalés que llevaba 82 días encarcelado en Gran Canaria ,EL PAÍS,NO,0.9999685287475586
El aspirante a rector que escribió cuatro párrafos y se citó a sí mismo 100 veces ,EL PAÍS,SI,0.9999409914016724
La RAE contra la ignorancia de las máquinas: Que hablen como en la Academia ,La Razón,SI,0.9997629523277284
Las falleras de Dr. Peset-Guillem Ferrer plantan a tombe su falla ,Levante-EMV,NO,0.9999673366546632
Amstel crea una ruta gastronómica para almorzar en Fallas ,Valencia Plaza,NO,0.9999654293060304
"El Colegio de Abogados de Madrid sale en defensa de la pareja de Ayuso, que admitió ser un defraudador fiscal ",EL PAÍS,NO,0.9999449253082277
Este es el grupo de medicamentos más consumido en España ,La Razón,NO,0.5816389918327332
Fotos: Desalojo del garaje okupa de Parque Roma en Zaragoza | Imágenes ,Heraldo.es,SI,0.9999536275863647
Dos heridos con quemaduras leves tras explotar un patinete eléctrico en un local okupado en la Elipa ,ABC.es,NO,0.999968409538269
La Generalitat valenciana propone que cualquier docente pueda hacer sustituciones en las universidades ,La Razón,NO,0.9996787309646606
Madrid denuncia que las balanzas que ha publicado Hacienda sólo sirven para que Cataluña diga que España debe pagarles ,El Mundo,SI,0.8989205360412598
La ortodoncia invisible por la que te timan por Internet: Me faltan dientes ,EL ESPAÑOL,SI,0.9999668598175048
Temor en la Plaça de Torrent a que el artista les deje sin falla ,Levante-EMV,NO,0.999848484992981
La Audiencia Nacional vuelve a respaldar al juez de Tsunami Democràtic al desestimar el recurso de la fiscalía ,La Razón,NO,0.9999579191207886
"Mueren seis personas, dos de ellas guardias civiles, arrolladas en un accidente en un control de tráfico en Los Palacios (Sevilla) ",El Mundo,NO,0.9999723434448242
"El jefe de Alina, la madre de las niñas asesinadas, oyó sus gritos: ¡Mis hijas! ",Telecinco,NO,0.9656328558921814
La Oficina de Conflictos de Intereses archiva la denuncia del PP contra Sánchez por no inhibirse en el rescate de Air Europa ,El Mundo,NO,0.9998407363891602
"Así cazó la inspectora M. al novio de Ayuso: historias “rocambolescas”, cuatro colaboradores y facturas sin justificar ",EL PAÍS,NO,0.9993997812271118
Así será el último trimestre de Leonor en la Academia General Militar de Zaragoza ,Heraldo.es,NO,0.9999614953994752
Las constantes polémicas en torno a García Ortiz desatan la preocupación en la cúpula de la Fiscalía ,El Mundo,NO,0.9916679263114928
'Con amenazas no hay democracia'. Esther Palomera escribe sobre los mensajes de Miguel Ángel Rodríguez que llegaron a su teléfono. ,elDiario.es,NO,0.9923101663589478
Los estatutos de Sumar permitirán que Yolanda Díaz acumule hasta 20 años como diputada ,El Mundo,NO,0.9999709129333496
Feijóo se escuda en la negociación con Ciudadanos para evitar nombrar un candidato en Cataluña ,EL PAÍS,NO,0.99990975856781
Fotos de la Ofrenda 2024 | Búscate en el segundo día de la ofrenda de las Fallas 2024 ,Levante-EMV,NO,0.99626225233078
"Garibaldi, el bar de Pablo Iglesias en Lavapiés, vandalizado por anarquistas antes de su apertura a causa del nombre de un cóctel ",El Mundo,SI,0.6336999535560608
Una DANA marcará el inicio de la Semana Santa con chubascos y tormentas ,Eltiempo.es,NO,0.9999510049819946
Denuncian que el capitán del ejercicio mortal en Cerro Muriano sigue en la base militar en contacto con los testigos ,El Mundo,NO,0.999966025352478
La crisis en las cárceles le estalla a ERC antes de las elecciones del 12-M ,El Mundo,SI,0.9954478144645692
Una nueva alerta por la presencia de Hepatitis A en fresas procedentes de Marruecos ,Salamanca24horas.com,NO,0.9999552965164183
La feria Alimentaria acelera la búsqueda de productos más saludables ,La Vanguardia,NO,0.9999679327011108
Semana Santa en Madrid: toda la programación para disfrutarla ,ESdiario - Información para decidir,NO,0.9998689889907836
"Isak Andic, el Amancio Ortega catalán: 1.000 millones, mansiones y el velero más grande de España ",El Mundo,NO,0.9999645948410034
La dirección de Vox lanza un pulso territorial al PP con la inmigración ,Levante-EMV,NO,0.915249764919281
"Van un mejicano, una holandesa, una suiza y dice el búlgaro… ",Libertad Digital,NO,0.998467981815338
¿Cuál es el origen de las Fallas de Valencia? ,La Vanguardia,NO,0.999025583267212
Los 'ninots' de cuatro migrantes subidos a una valla generan polémica en las Fallas de Valencia ,EL PAÍS,NO,0.9999432563781738
Última hora política en España y elecciones en directo: destapado el negocio frustrado del novio de Ayuso con las vacunas ,AS,SI,0.999944806098938
"Constituido el nuevo Parlamento gallego, con mayoría del PP y primer pacto BNG-PSOE ",El Mundo,NO,0.9999667406082152
¿Cuál es el origen del Día del Padre? ,Heraldo.es,NO,0.9999126195907592
Detenido el conductor del camión de reparto que huyó tras atropellar mortalmente a un hombre en Madrid ,ABC.es,NO,0.999969244003296
Pizarra se echa a la calle en repulsa por el asesinato machista de Gracia ,La Opinión de Málaga,NO,0.9999513626098632
“Sería razonable que el independentismo nos dejara gobernar” ,La Vanguardia,NO,0.9993584752082824
"Salvador Sostres: Puigdemont, un candidato perdedor y de cero riesgo ",ABC.es,NO,0.999935746192932
Detenido un hombre con orden de alejamiento por agredir y secuestrar a su ex pareja en una lonja de Vitoria ,El Mundo,NO,0.9965251088142396
Almudena del Pozo: María del Monte está convencida de que su sobrino no tiene nada del botín ,Telecinco,NO,0.998689591884613
"Atraco en Sanlúcar: Si lo pienso fríamente, no lo habría hecho ",Diario de Cádiz,NO,0.9995229244232178
Bizkaibus y Euskotren van hoy a la huelga por «el aumento de las agresiones» ,El Correo,NO,0.9999234676361084
El nuevo contenedor marrón de Zaragoza tendrá que abrirse con una tarjeta o con el móvil ,El Periódico de Aragón,SI,0.9964287877082824
El tiempo para la Semana Santa: Confianza en los pronósticos de la AEMET hasta el Miércoles Santo ,El Correo de Andalucía,NO,0.9999436140060424
¿Por qué huele a humo en Zaragoza? ,Heraldo.es,SI,0.999842643737793
Índice de precios de referencia para los alquileres en España: estas son las comunidades que empiezan a aplicarlo ,INVERTIA,NO,0.9997279047966005
Cierre del puente Carranza en Cádiz: el tiempo extra que se tarda en llegar a la ciudad por la autovía de San Fernando ,Diario de Cádiz,NO,0.9999662637710572
"¿Cuándo es Semana Santa en 2024 en España? Fechas, qué días cae y dónde es festivo en cada comunidad ",AS,NO,0.6865721940994263
Pío García: El PSOE abre la caja de Pandora ,La Rioja,SI,0.987200140953064
Podemos acusa al jefe de gabinete de Ayuso de ser un “matón” que va “amenazando a los periodistas” ,elDiario.es,SI,0.9999462366104126
Fotos | Mesa en defensa de la Constitución con Azcón y Cayetana Álvarez de Toledo | Imágenes ,Heraldo.es,NO,0.9991933703422546
Una serpiente del maíz es descubierta en el coche de una mujer mientras conducía - ,Eltiempo.es,SI,0.9999440908432008
El buen estreno de Manuel Alés como presentador del pregonero de Sevilla ,Diario de Sevilla,NO,0.9999604225158693
"Encuestas catalanas: gana Illa, pero necesita a ERC para gobernar ",El Independiente,NO,0.9999724626541138
«Lo prioritario es tener reformado el pabellón de la piscina en 2025» ,El Comercio: Diario de Asturias,NO,0.9998779296875
El okupa detenido en una finca nueva de Zaragoza se montó el piso con los muebles del vecino ,Heraldo.es,SI,0.6065952181816101
El Supremo confirma la condena a dos guardias civiles por ordenar desnudos integrales en un control de... ,Público,NO,0.9998937845230104
Quedan para jugar un partido de fútbol en Irala y acaban a navajazos ,Deia,SI,0.9997326731681824
¿Cuáles son y cómo afectan a mi explotación los cambios en la PAC? ,La Voz de Galicia,SI,0.993302583694458
INCENDIO TENERIFE | Intervienen ante la salida de humo de una vivienda en Tenerife ,El Día,NO,0.9999710321426392
La vivienda 100% propiedad de Ayuso es sede social de una empresa que compra y vende material médico ,elplural.com,NO,0.999921441078186
"Luto por la muerte de Puri, la mujer apuñalada por su hijo en Vélez-Málaga ",Diario Sur,NO,0.9999713897705078
La esperada tormenta golpea Bizkaia con rayos y fuertes aguaceros ,El Correo,NO,0.9999613761901855
Ignacio Camacho: La guerra de Casandra ,ABC.es,NO,0.9994195699691772
Receta de crespillos: así se hace el postre aragonés típico de primavera y Semana Santa ,Heraldo.es,NO,0.9997841715812684
Qué es ser DINK: la nueva tendencia para formar una familia en España ,La Razón,SI,0.9999743700027466
Un monstruo que mastica eucalipto: el plan de Altri y la Xunta para impulsar otra pastera en Galicia al borde del río Ulla ,elDiario.es,SI,0.9995924830436708
"Salvador Illa, candidato del PSC a la Generalitat, rechaza el factor Puigdemont ",Telecinco,NO,0.9999663829803468
Isabel Díaz Ayuso sopapea un periodista de ‘El País’ por una impertinente pregunta sobre su futuro político ,Periodista Digital,SI,0.999968647956848
A quién se puede reclamar si se ha sufrido el corte de gas en Málaga ,Diario Sur,NO,0.9999394416809082
La renuncia a Presupuestos deja en el aire una rebaja de IRPF de 1.400 millones ,Expansión,NO,0.9999727010726928
Un muerto en un accidente múltiple de cuatro vehículos en Villaviciosa de Odón ,El Mundo,NO,0.9999716281890868
Unas maniobras en el Pirineo acaban con nueve militares atendidos por congelaciones e hipotermia ,Heraldo.es,NO,0.9999042749404908
Sánchez impulsa la candidatura de Illa en Catalunya y afirma que no hay nada más antipatriota que defraudar a Hacienda ,elDiario.es,NO,0.9993615746498108
"La Aemet avisa de un bajada de las temperaturas excepto en estas zonas, con hasta 30 grados ",La Vanguardia,NO,0.9999613761901855
Detenido un matrimonio por agredir a una médica de Urgencias en Puertollano ,elDiario.es,NO,0.9999661445617676
Aragonès aborda su propuesta de financiación singular para Catalunya ,El Periódico,NO,0.9999676942825316
"Últimas noticias de la actualidad política, en directo | Feijóo amenaza con una investigación parlamentaria a la esposa de Sánchez ",EL PAÍS,SI,0.9913685917854308
Vecinas de la casa de Toledo en el que han aparecido cuatro muertos: Notamos un olor espeluznante ,Telecinco,NO,0.8440560698509216
La Cremà pone punto final a unas Fallas con cerca de 1 millón de visitantes y debates abiertos ,La Vanguardia,NO,0.9999691247940063
"La taberna Garibaldi de Pablo Iglesias abre sus puertas con 'txacoli', con 'c', y cerveza de Bilbao ",El Correo,NO,0.9788580536842346
La sucia y repugnante campaña contra Ayuso es para que no hablemos de la corrupción sistémica del PSOE ,Libertad Digital,SI,0.9999072551727296
Las constantes polémicas en torno a García Ortiz desatan la preocupación en la cúpula de la Fiscalía ,El Mundo,NO,0.9916679263114928
A 90 kms/h y sin huellas de frenada: el conductor del camión asegura que no vio el control ,El Mundo,NO,0.999705135822296
¿Lluvias de sangre en Semana Santa? La AEMET vuelve con malas noticias ,Okdiario,NO,0.7927046418190002
"Crimen de Almería: las dos hermanas, de 2 y 4 años, fueron intoxicadas con pesticida ",Telecinco,NO,0.9999544620513916
"Estrella Galán, directora general de CEAR, será la número 1 de Sumar para las elecciones europeas ",elDiario.es,NO,0.999971866607666
Tensión en las cárceles catalanas | Opinión ,EL PAÍS,NO,0.9999674558639526
Los comuns tumbarán los presupuestos de Barcelona y obligarán a Collboni a someterse a una cuestión de confianza ,elDiario.es,SI,0.5126306414604187
¿Y si ya tuvieran al candidato? ,El Mundo,SI,0.9998670816421508
Sumar crea un grupo interno para pactar una posición sobre la prostitución ante el intento del PSOE de desestabilizarles ,El Mundo,SI,0.9216387271881104
Hermandades y cofradías de la Semana Santa de Sevilla ,Diario de Sevilla,NO,0.999914050102234
La mascletà del Día de San José revienta cristales del Ayuntamiento de Valencia y apaga la señal de algunas televisiones ,El Mundo,SI,0.995093584060669
"Escaños en Blanco, PUM+J y Ongi Etorri se presentan a las elecciones: listas completas ",Gasteiz Hoy,NO,0.9999688863754272
"Un hombre confiesa el asesinato de su pareja, de 25 años, en un pueblo de A Coruña ",EL PAÍS,NO,0.9999685287475586
Salamanca se queda fuera de los nuevos trenes 'low cost' de alta velocidad de Castilla y León ,www.lagacetadesalamanca.es,NO,0.9999700784683228
Escif indulta los cuatro ninots de los migrantes de la valla de la mascletà ,Las Provincias,NO,0.9999698400497437
Goia: No hay ningún plan de recalificación de nada en Arbaizenea ,Noticias de Gipuzkoa,NO,0.9999606609344482
"Sesión de control al Gobierno en el Congreso, en directo: Sánchez responde a Feijóo y Óscar Puente comparece por el caso Koldo ",ABC.es,NO,0.9999197721481324
Las claves de la batalla de Iberdrola contra Repsol: del pulso por el relato ecológico europeo a la guerra comercial de la luz en España ,El Mundo,SI,0.9995538592338562
Calendario laboral 2024: ¿dónde es festivo el 19 de marzo? ,La Razón,NO,0.999833345413208
El Gobierno de Aragón y el Ayuntamiento de Zaragoza construirán 1.000 viviendas públicas con una inversión de 120 millones de euros ,El Mundo,NO,0.9999685287475586
"Constituido el nuevo Parlamento gallego, con mayoría del PP y primer pacto BNG-PSOE ",El Mundo,NO,0.9999667406082152
Nueva alerta por la presencia de hepatitis A en fresas ,El Comercio: Diario de Asturias,NO,0.999968647956848
Cataluña: fibra sensible de la política nacional ,Blogs El Confidencial,SI,0.9991891980171204
Huelga de los trabajadores de Euskotren en Gipuzkoa: «No puede ser habitual que nos peguen o quieran tirarnos a las vías» ,El Diario Vasco,SI,0.9028921723365784
Los salarios españoles crecen más que los europeos ,EL PAÍS,NO,0.9999651908874512
Esperanza Aguirre asegura que apoyó el Campus de la Justicia de Madrid porque pensaron que iba a ser a coste cero ,EL PAÍS,SI,0.9911413192749025
"José Eirín, culpable de asesinato por matar con su coche a Jéssica Méndez ",La Voz de Galicia,NO,0.9999594688415528
Despiporre con las últimas informaciones sobre el novio de Ayuso: Tiene un Maserati y un Porsche pero empezó ... ,Público,SI,0.99989116191864
La Comunidad de Madrid se reunirá con el Gobierno por la ley Trans «para tratar de evitar un nuevo ataque contra Ayuso» ,ABC.es,SI,0.9947985410690308
Así son las viviendas de alquiler asequible en el ecobarrio de Puente de Vallecas ,La Razón,NO,0.999921441078186
El abogado de Antonio Tejado pide su libertad: “No existen motivos para mantener la prisión provisional” ,AS,NO,0.9999032020568848
"El Parlamento Europeo, contra la inmersión lingüística ",El Mundo,SI,0.995027720928192
Albares vuelve a fracasar en su intento de hacer oficial el catalán en la Unión Europea ,ABC.es,NO,0.9999444484710692
En libertad provisional los siete agricultores investigados por el intento de asalto al Parlamento de Navarra ,Diario de Noticias de Navarra,NO,0.9999738931655884
Felipe VI visita por sorpresa a la princesa Leonor en Zaragoza: comparten mesa y menú ,El Comercio: Diario de Asturias,NO,0.6146088242530823
La Comunidad de Madrid acusa a la ministra de Vivienda de «difundir bulos contra Ayuso» ,La Razón,NO,0.9999624490737916
Alimentaria & Hostelco: soluciones innovadoras para una dieta más saludable ,El Periódico,SI,0.9996110796928406
El Gobierno destina más de 25 millones a Galicia para la rehabilitación de viviendas ,La Voz de Galicia,NO,0.9999723434448242
El debate | ¿Hay que intervenir el mercado del alquiler? ,EL PAÍS,NO,0.9999346733093262
España ha perdido casi un 20% de los gorriones desde 1998 ,La Vanguardia,NO,0.9998977184295654
La Mesa para el Desarrollo Renovable convoca de urgencia a Xunta y Gobierno por el parón eólico ,Expansión,NO,0.9999637603759766
NODDO y Centros Tecnológicos de Castilla y León impulsan la innovación en el Foro Transfiere 2024 ,La Razón,NO,0.9999716281890868
ALMORADI I Hallan el cuerpo del menor desaparecido cuando se bañaba en el río Segura en Almoradí ,INFORMACIÓN,NO,0.9999587535858154
"Van un mejicano, una holandesa, una suiza y dice el búlgaro… ",Libertad Digital,NO,0.998467981815338
Así funcionará el defensor de los clientes financieros: resoluciones vinculantes y multas de hasta dos millones ,La Voz de Galicia,NO,0.9999723434448242
El súper agente especial de la Policía Local de Málaga: un perro robot que 'detiene' a los que usan patinetes por el Centro ,Málaga Hoy,SI,0.999466598033905
Fallece un hombre de 59 años tras electrocutarse en una papelería de Tetuán (Madrid) ,ABC.es,NO,0.9999583959579468
Sumar pide al Gobierno que prohíba la compra de vivienda a los extranjeros y el PSOE se opone ,EL PAÍS,NO,0.9999536275863647
Quinto día sin gas en muchos hogares y negocios del centro de Málaga: Las pérdidas son considerables ,Málaga Hoy,NO,0.9999717473983764
¿A quién ampara el Colegio de Abogados de Madrid? ,EL PAÍS,SI,0.7275092601776123
Semana Santa 2024: Las procesiones de los municipios de Madrid que no te puedes perder ,Telemadrid,NO,0.9999297857284546
"El secretario judicial del tribunal franquista que condenó a muerte a Miguel Hernández, sin derecho al olvido ",El Salto,NO,0.9999336004257202
Euskadi se consolida en el podio de las regiones que más patentes solicitan a Europa ,El Diario Vasco,NO,0.999968409538269
La inconmensurable reprimenda de Ana Terradillos a los políticos: «¡No dan la talla!» ,ABC.es,SI,0.9998724460601808
Los peritos de las aseguradoras entran este jueves al edificio incendiado en València ,Valencia Plaza,NO,0.9999741315841676
PSOE y PP arrastran sus descalificativos al Senado y se acusan mutuamente de corrupción política ,Las Provincias,NO,0.9999659061431884
¿Torrija clásica o moderna? Estas son las que hay que probar este año ,El Periódico,SI,0.9999499320983888
El invento español que extrae agua de la niebla y cualquiera puede montar en casa ,El Independiente,SI,0.999920129776001
La Comunidad de Madrid prepara una subida en los precios del transporte público después de dos años de descuentos ,Somos Madrid,NO,0.9999710321426392
La Aemet avisa de la llegada de calima a España en los días previos a Semana Santa: lluvias de barro en estas zonas ,ABC.es,NO,0.999959111213684
Absuelto un hombre acusado de violar a una menor a la que conoció en un gimnasio de Zaragoza ,Heraldo.es,SI,0.9999265670776368
"Terrorismo, guerras, espionaje extranjero: Seguridad Nacional detecta un incremento de amenazas para España ",El Periódico,NO,0.9999722242355348
"Olor a humo en Zaragoza: una 'app' y puro olfato, así resolvieron los bomberos la crisis ",Heraldo.es,NO,0.9994187355041504
La última previsión del tiempo de la AEMET para Semana Santa viene con sorpresas ,La Razón,SI,0.9998598098754884
"El padre de Neymar y una devolución de Hacienda, las opciones de Dani Alves para pagar la fianza y salir ya en libertad ",EL PAÍS,NO,0.9999468326568604
"Cientos de manifestantes irrumpen en Génova, frente a la sede del PP, exigiendo la dimisión de Ayuso ",Somos Madrid,NO,0.9999674558639526
Page se planta contra la financiación singular de Pere Aragonès y pide a Sánchez que le frene ,El Digital CLM,NO,0.9992169141769408
"BOLETÍN | La información y lo desagradable - Al día, boletín y podcast de actualidad ",elDiario.es,NO,0.9999643564224244
Joven desaparecido en Logroño: Decepción tras una ola de empatía ,La Rioja,NO,0.9999566078186036
Despiden con aplausos a los guardias civiles atropellados en Sevilla ,ABC.es,NO,0.9999712705612184
Un estudio sitúa a un pueblo de Asturias entre los más felices de España ,El Comercio: Diario de Asturias,NO,0.9999402761459352
El dolor de la madre de las dos niñas asesinadas en Almería por su padre llegando a la misa - Vamos a ver ,Telecinco,NO,0.813951849937439
"Los DNI del barrio de Salamanca, el objetivo de la mafia de los carteristas: los utilizaban para pedir préstamos ",El Mundo,NO,0.9958525896072388
El Ayuntamiento reabre de forma permanente el Frontón Beti Jai ,Diario del Ayuntamiento de Madrid,NO,0.999951958656311
El gato por liebre de Pablo Iglesias ,La Vanguardia,SI,0.9999706745147704
El PP reclama a la OCI el expediente sobre la denuncia archivada contra Sánchez que filtró el PSOE ,Libertad Digital,SI,0.7938339114189148
Mónica García aboga por comenzar a reducir las guardias médicas de 24 a 17 horas ,RTVE,NO,0.9999679327011108
"Andrea, la víctima del crimen machista, llegó a Ribeira hace más de una década para reunirse con su madre ",La Voz de Galicia,NO,0.9997963309288024
Los datos del INE desmontan el cálculo de fijos discontinuos inactivos de Yolanda Díaz ,El Mundo,SI,0.5262569189071655
"Bildu se dispara en Álava y podría sumar hasta 9 escaños y superaría al PNV en Euskadi, según EiTB ",El Mundo,NO,0.9999603033065796
El Govern admite por primera vez que habrá dimisiones en Justícia ,La Vanguardia,NO,0.9999645948410034
Un Gobierno descompuesto por Begoña Gómez pone a Ayuso en el patíbulo ,Libertad Digital,NO,0.9903427362442015
El Congreso se lanza a destapar nuevos ‘casos Koldo’ con Díaz Ayuso en la diana ,Infobae España,NO,0.9023594856262208
Los comunes arrastran también a Collboni a la inestabilidad presupuestaria ,ABC.es,SI,0.9901083707809448
Las autopsias confirman la muerte por intoxicación de monóxido de carbono de los cuatro cadáveres aparecidos e ,La Razón,NO,0.9998447895050048
Sumar crea un grupo interno para pactar una posición sobre la prostitución ante el intento del PSOE de desestabilizarles ,El Mundo,SI,0.9216387271881104
Un policía de Barakaldo dispara y hiere de gravedad a un hombre que les atacó con un cuchillo al desalojar un túnel ,El Correo,NO,0.9999549388885498
Un grupo de letrados acusa al Colegio de Abogados de Madrid de “defender los intereses políticos” de Ayuso ,EL PAÍS,NO,0.966068685054779
"Las procesiones más andaluzas de la Semana Santa de Zaragoza: saetas, costaleros y pétalos ",Heraldo.es,NO,0.999868631362915
Amyts denuncia a Inspección de Trabajo la situación “dramática” de un ambulatorio de Pinto: un único médico para todos ,EL PAÍS,SI,0.9999387264251708
Adelante logra que el Parlamento andaluz lleve al Congreso una iniciativa para que las gafas de menores sean... ,Público,NO,0.9999285936355592
Los inquilinos tendrán que denunciar las irregularidades en el límite de los alquileres en Catalunya ,El Periódico,NO,0.9999620914459229
«Cada vez más jóvenes ven natural dejarse tocar a cambio de regalos. Razón: la pornografía» ,ABC.es,SI,0.9997562766075134
El Gobierno deniega la aplicación del descuento de residente a los vuelos charter desde Mallorca para la Copa ,elDiario.es,NO,0.9999727010726928
El Gobierno se aferra a la economía en su momento de mayor debilidad política: Va como un auténtico tiro ,El Mundo,NO,0.9794148802757264
"Hallan muerto a un hombre con signos de asfixia en Manises, Valencia ",Telecinco,NO,0.999971866607666
La AN deniega al asesino de Nagore Laffage el olvido digital al primar el derecho a recibir información ,La Razón,NO,0.9999719858169556
El tiempo para la Semana Santa de Málaga 2024: estas son las previsiones día a día ,ABC.es,NO,0.9999150037765504
Metro de Sevilla amplía el horario y ofrece un 75 % más de plazas en Semana Santa ,La Vanguardia,NO,0.999968409538269
Ya está disponible en la app de ABC el programa de la Semana Santa de Sevilla 2024: toda la información en tiempo real ,ABC.es,NO,0.8774497509002686
Aragón exhibe su músculo investigador e innovador con dieciséis proyectos en el Foro Transfiere ,Heraldo.es,NO,0.99997079372406
El peor tramo de carretera de España está en la A-6 en Lugo ,Faro de Vigo,NO,0.9999258518218994
Muere en el HUCA el conductor que chocó contra un camión en Gijón ,La Nueva España,NO,0.9999732971191406
Cristina García Rodero: “La fotografía es hablar con gente de todo el mundo sin palabras” ,EL PAÍS,NO,0.9999065399169922
"Marqués de Lema, 7, la finca más conflictiva de España: coches emparedados, butrones y cuotas de más de 800 euros ",El Mundo,NO,0.9966816306114196
Repsol explora unirse al fondo danés CIP para producir hidrógeno en España pese al choque fiscal con el Gobierno ,elEconomista,NO,0.9999722242355348
El timo de los 'me gusta' arrasa WhatsApp: Hay víctimas que han perdido 18.000 euros en 48 horas ,elDiario.es,SI,0.9999407529830932
Un error en la venta de Ouigo da lugar a un tren 'fantasma' a Madrid ,El Norte de Castilla,NO,0.9998408555984496
La Ley de Memoria Democrática permite la exhumación de 4.500 cuerpos de víctimas de la Guerra Civil y el... ,Público,NO,0.9999668598175048
Qué son los gastos deducibles en la renta 2023: cómo afectan al resultado final ,Onda Cero,NO,0.9999207258224488
"Abren juicio oral contra Francisco Serrano, ex líder andaluz de Vox, al que piden una fianza de 3,3 millones ",El Mundo,NO,0.9999728202819824
Consulta la lista de candidatos por Gipuzkoa para las elecciones autonómicas del 21 de abril ,El Diario Vasco,NO,0.9999687671661376
Cierra y sale en alquiler un histórico mercado de barrio del centro de Zaragoza ,Heraldo.es,NO,0.9995794892311096
Pablo Salazar: Contradicciones de la izquierda ,Las Provincias,NO,0.9999542236328124
Ayuso usa el posible fraude de seis agresores que han cambiado de sexo para justificar sus recortes a la ley... ,Público,SI,0.788139820098877
¿Dónde están los quesos nacionales? ,El Periódico,SI,0.9999556541442872
El tráfico de mercancías en Valenciaport crece un 10% en lo que va de 2024 ,La Vanguardia,NO,0.999970316886902
Sindicatos reclaman este miércoles en Pontejos la recuperación de las 35H laborales para empleados públicos de Madrid ,La Vanguardia,NO,0.9999455213546752
El Gobierno aprueba una línea de ayudas que permitirá ahorrarse el 50% de una reforma de vivienda ,El Independiente,NO,0.9999600648880004
La desinformación se sitúa como el mayor riesgo para la seguridad nacional ,La Vanguardia,NO,0.999942421913147
El Buen Fin logra la excelencia artística con el nuevo misterio del crucificado ,Diario de Sevilla,NO,0.9998432397842408
‘Brujerías Sonoras’ reparte el orden y el lugar de los conciertos de su primera edición ,Lanza Digital,NO,0.9999622106552124
Así son las procesiones de la Semana Santa de Málaga ,Málaga Hoy,NO,0.9999402761459352
"La Comunidad de Madrid exige vivir en la región para sacarse el carné de biblioteca, en contra de las normas internacionales ",EL PAÍS,NO,0.9995120763778688
Invasión de calima en España y lluvia de barro: no laves el coche ,Eltiempo.es,NO,0.99990975856781
¿Va a llover hoy en Zaragoza?: la previsión del tiempo por horas ,Heraldo.es,NO,0.9999370574951172
Euskadi se consolida en el podio de las regiones que más patentes solicitan a Europa ,El Diario Vasco,NO,0.999968409538269
Tres minutos demoledores de Aimar Bretos sobre Esperanza Aguirre y la Ciudad de la Justicia: Los buenos... ,Público,SI,0.9997748732566832
El PP y Vox preparan una ley de Concordia para sustituir a la de Memoria Democrática ,Valencia Plaza,SI,0.6718571782112122
Los ricos se quedan sin casas para comprar en Madrid: solo hay 35 en el barrio Salamanca ,elEconomista,NO,0.9998090863227844
Defensa adjudica a la firma israelí Rafael un contrato de guías láser para aviones de combate por 207 millones ,infoLibre,NO,0.999970316886902
"Juan Carlos Girauta, número 3 en la lista de Vox a las elecciones europeas ",elDiario.es,NO,0.9999719858169556
"El padre de Neymar y una devolución de Hacienda, las opciones de Dani Alves para pagar la fianza y salir ya en libertad ",EL PAÍS,NO,0.9999468326568604
Primer fin de semana de Semana Santa con lluvia en estas zonas ,Eltiempo.es,NO,0.9999520778656006
"La Policía descarta la muerte violenta del joven de Logroño, que tenía su cartera y móvil ",ABC.es,NO,0.9999313354492188
Ayuso asume el bulo contra periodistas de EL PAÍS después de que el PP apoye una declaración por la libertad de prensa ,EL PAÍS,SI,0.975202739238739
"El PSC volverá a ganar las elecciones autonómicas, según el CIS catalán ",EL PAÍS,NO,0.9999406337738036
Repsol acusa a Iberdrola de «no estar acostumbrada a competir» tras la denuncia por captar clientes ,El Correo,NO,0.9999709129333496
"Últimas noticias de la actualidad política, en directo | Sumar presenta una proposición de ley para la creación de una oficina de prevención de la corrupción ",EL PAÍS,NO,0.9999573230743408
El vecino atrincherado en Las Gabias se niega a salir tras hablar con el negociador ,Ideal,NO,0.9999293088912964
Portal de Noticias del Gobierno de Canarias ,Gobierno de Canarias,NO,0.9999555349349976
EITB Focus 21 de marzo de 2024: Primera victoria de EH Bildu en Álava ,EITB,NO,0.9999685287475586
"Montero saca la tijera y recorta de una tacada el 40% de las subvenciones del Estado para bajar el déficit al 3,7% ",ABC.es,NO,0.99995756149292
El PP denuncia irregularidades en la resolución de la Oficina de Conflicto de Intereses ,ABC.es,NO,0.8613852262496948
Altri defiende su plan industrial frente a la preocupación vecinal en los municipios afectados ,La Voz de Galicia,NO,0.999972939491272
Los presupuestos de Barcelona llegan a su última votación sin mayoría a la vista ,El Periódico,NO,0.9999687671661376
Montero recurre a la ambigüedad para no descartar que Cataluña pueda recaudar sus propios impuestos ,El Mundo,NO,0.9977587461471558
Consulta si te ha tocado estar en una mesa electoral en San Sebastián ,El Diario Vasco,NO,0.9999531507492064
Fotos: los peritos entran en el edificio incendiado en Campanar ,Las Provincias,NO,0.9999622106552124
Ayuso: Llevo viviendo 20 años de alquiler. Yo no tengo ningún piso ,elDiario.es,NO,0.988575279712677
Eduardo Zaplana en el banquillo por el caso Erial ,Sport,NO,0.9999701976776124
El primer ‘revés’ del bar de Pablo Iglesias con las reservas ,AS,SI,0.9999648332595824
La Audiencia Nacional niega el derecho al olvido al hombre que mató a Nagore Laffage en los Sanfermines de 2008 ,EL PAÍS,NO,0.9999700784683228
La dirección de Cs desautoriza a su líder en Cataluña: Tiene que dejar de mirarse el ombligo ,El Mundo,NO,0.9999607801437378
VÍDEO | Una tormenta con 'bolas' de granizo 'anuncia' la llegada de la primavera a Salamanca ,Salamanca24horas.com,NO,0.9997084736824036
Ouigo responde a las advertencias de Óscar Puente: Es la primera vez que nos critican por poner precios bajos ,El Mundo,NO,0.99996018409729
"«Cerramos un triste capítulo», señala el portavoz de la familia de Fernando Zamora ",Hoy.es,NO,0.999952793121338
El abogado general de la UE opina que el acuerdo de pesca con Marruecos es ilegal por incluir el Sáhara... ,Público,SI,0.9753232598304749
Los actos de repulsa por el crimen machista de Ribeira se suceden en toda Galicia ,La Voz de Galicia,NO,0.9999512434005736
Cientos de personas se concentran ante la sede del PP en Madrid para pedir la dimisión de Ayuso ,Público,SI,0.6515319347381592
Así ha sido la espectacular voladura de la chimenea de la Central Térmica de Carboneras ,Diario de Almería,NO,0.9990955591201782
La Policía investiga el asesinato de un hombre en Manises ,Las Provincias,NO,0.999970555305481
Un estudio sitúa a un pueblo de Asturias entre los más felices de España ,El Comercio: Diario de Asturias,NO,0.9999402761459352
"Puigdemont comparece para desvelar si se presenta a las elecciones catalanas, última hora en directo ",La Vanguardia,NO,0.9999568462371826
"García Ortiz, acorralado: el ataque a Ayuso puede tumbar al fiscal de Sánchez ",Libertad Digital,NO,0.9998880624771118
Tiroteo en Zizur Mayor: El detenido en Zizur efectuó entre 4 y 6 disparos y el herido se encuentra estable ,Diario de Navarra,NO,0.9999706745147704
Comandante de la Guardia Civil anuncia que el conductor del camión de la AP-4 ha sido detenido ,El Comercio: Diario de Asturias,NO,0.999971866607666
Andrés Montero: El tocomocho de la amnistía ,El Correo,NO,0.9915897250175476
La ministra de Sanidad apuesta por comenzar reduciendo las guardias médicas de 24 a 17 horas ,La Voz de Galicia,NO,0.9999722242355348
Tres detenidos en Barakaldo por un tiroteo bajo el puente de Rontegi ,Deia,NO,0.9999719858169556
La policía busca a familiares de los fallecidos por intoxicación en Toledo: las víctimas vivían en habitaciones subarrendadas ,Noticias CMM,SI,0.9615570306777954
"Por qué el novio de Ayuso encendió las alarmas de la inspectora M.: “historias rocambolescas”, cuatro colaboradores y facturas sin justificar ",EL PAÍS,SI,0.999969720840454
"El preso que mató a la cocinera de Mas d’Enric presentaba un riesgo bajo de reincidencia, según Justicia ",La Vanguardia,NO,0.999950647354126
PP y Vox presentan una nueva ley para una reforma total de À Punt ,Levante-EMV,NO,0.9999346733093262
Teresa Ribera anuncia la creación de la 'Carta de la industria eólica española' ,El Periodico de la Energía,NO,0.999948501586914
"Guía del Sábado de Pasión en Córdoba: hermandades, itinerarios y horarios ",Diario Córdoba,NO,0.9999599456787108
Natalia Chueca: El Eifolk es bonito pero ya lo hemos tenido durante muchos años ,El Periódico de Aragón,SI,0.9998958110809326
"Lo que debes saber sobre los límites a las rentas, ya en vigor en Cataluña ",idealista/news,NO,0.9999393224716188
Horarios y recorridos de la Semana Santa de Sevilla 2024 ,Diario de Sevilla,NO,0.9999610185623168
El afloramiento de la economía sumergida elevó en 12.000 millones los ingresos por IVA desde 2022 ,EL PAÍS,NO,0.9999449253082277
Cortes y desvíos de tráfico previstos durante la Semana Santa de Málaga ,Diario Sur,NO,0.9999688863754272
Sumar crea un grupo interno para pactar una posición sobre la prostitución ante el intento del PSOE de desestabilizarles ,El Mundo,SI,0.9216387271881104
Las declaraciones por IRPF alcanzan números récord en Canarias por el auge del empleo ,La Provincia - Diario de Las Palmas,NO,0.9999721050262452
Feijóo respalda a Rodríguez sobre el bulo contra periodistas mientras Sánchez considera “extremadamente graves” las amenazas ,EL PAÍS,NO,0.9999556541442872
Aprobadas las listas definitivas OEP Concurso de Enfermeras SAS ,Noticias sobre sanidad y enfermería. Satse Andalucía,NO,0.999958038330078
"Almeida endeudó al Ayuntamiento de Madrid en 48 millones de euros más durante 2023, pese a registrar superávit ",Somos Madrid,NO,0.9999358654022216
Vuelve el frontón Beti Jai: la cancha de la 'fiesta' del XIX renace de su ruina ,ABC.es,NO,0.999958038330078
«Cada vez más jóvenes ven natural dejarse tocar a cambio de regalos. Razón: la pornografía» ,ABC.es,SI,0.9997562766075134
Bolaños limita el impacto de una candidatura de Puigdemont y recuerda que está vigente su orden de detención ,El Periódico,NO,0.999946117401123
Los datos del INE desmontan el cálculo de fijos discontinuos inactivos de Yolanda Díaz ,El Mundo,SI,0.5262569189071655
¿Quién tiene derecho a contar el Holocausto? Una obra de ficción reactiva el debate en España ,EL PAÍS,NO,0.8698309659957886
Cae una banda de carteristas que estafó 3 millones de euros con la documentación robada en el Metro de Madrid ,MiraCorredor,NO,0.9996978044509888
"La población de gorrión común desciende casi un 20% desde en España, según SEO/BirdLife ",Atresmedia,NO,0.9998242259025574
La medida con la que el Metro de Málaga busca mejorar la movilidad en la estación Atarazanas en Semana Santa ,EL ESPAÑOL,NO,0.9999631643295288
Cristina García Rodero: “La fotografía es hablar con gente de todo el mundo sin palabras” ,EL PAÍS,NO,0.9999065399169922
El queso español reivindica su origen ante el aumento de las importaciones ,La Voz de Galicia,NO,0.9999668598175048
Desmantelado un punto de venta de droga en el barrio del Gancho de Zaragoza ,El Periódico de Aragón,NO,0.9999648332595824
"Desvelado el nuevo Misterio de la Hermandad del Buen Fin, el gran estreno de la Semana Santa de Sevilla ",Canal Sur,SI,0.9994576573371888
"Publicadas las candidaturas presentadas a las elecciones vascas del 21 de abril en Álava, Bizkaia y Gipuzkoa ",elDiario.es,NO,0.9999641180038452
Sanidad pide que deje de venderse un andador plegable porque podría provocar caídes graves ,El Mundo,SI,0.9998573064804076
La juez admite a trámite la denuncia de la Fiscalía y abre causa a la pareja de Ayuso por fraude fiscal ,El Mundo,NO,0.999964952468872
Tertulia de Federico: Puigdemont anuncia su candidatura y la vuelta del procés ,esRadio,SI,0.9983077049255372
Así afectará el chorro polar a Andalucía durante Semana Santa: frío invernal y lluvias ,Ideal,NO,0.999940037727356
¿Por qué han trasladado a Cruces al bebé que cayó por la ventana? ,Gasteiz Hoy,SI,0.999911904335022
El PP no condena el acoso a la prensa ,EL PAÍS,SI,0.9846028089523317
Examinarse en la asignatura de valenciano será opcional para alumnos de zonas castellanohablantes ,Valencia Plaza,NO,0.999751627445221
Consulta en tiempo real el estado de las carreteras antes de la Operación Salida de Semana Santa 2024 ,Antena 3 Noticias,NO,0.9999662637710572
Las incógnitas por la muerte de Javier Márquez tras encontrarlo en el Ebro: cómo llegó allí ,EL ESPAÑOL,SI,0.9999622106552124
Arús revela la curiosa estrategia de la defensa de Alves tras el 'no' de los Neymar ,Sport,NO,0.9998615980148317
Horarios y recorridos de las hermandades del Viernes de Dolores en la Semana Santa de Sevilla 2024 ,EL ESPAÑOL,NO,0.9999562501907348
"Un caladero histórico para pescadores andaluces, gallegos y canarios: así son las aguas en duda del pacto UE-Marruecos ",INVERTIA,NO,0.999903440475464
En la Taberna Garibaldi: el día en que Podemos cabía en un bar ,ABC.es,SI,0.9963633418083192
La Korrika sigue su marcha tras su exitoso paso por Bilbao ,El Correo,NO,0.9999582767486572
Granizo por la DANA en Canarias ,Diario de Avisos,NO,0.9999693632125854
La Junta reclama al Gobierno la convocatoria urgente de la Conferencia de Presidentes para abordar la financiación ,Libertad Digital,NO,0.9990346431732178
La constructora de la nueva sede del Obispado de Bilbao quiebra y pone en cuestión el proyecto ,elDiario.es,NO,0.999975562095642
"El PSC ganaría las elecciones y ERC quedaría por delante de Junts, según el 'CIS catalán' ",elDiario.es,NO,0.9987943172454834
"Vídeos de TikTok, aliado de Putin y amenazado de muerte: las ocho horas del atrincherado de Granada ",EL ESPAÑOL,NO,0.9999680519104004
Altri producirá cuatro toneladas de celulosa por cada tonelada de biofibra ,La Voz de Galicia,NO,0.9999667406082152
El Congreso aprueba crear una comisión de investigación sobre los contratos de la pandemia con la abstención del PP ,elDiario.es,NO,0.998729169368744
"Sánchez, tras la amenaza de Feijóo de investigar a su mujer: Es una oposición destructiva que se queda en el ataque personal ",El Mundo,NO,0.9984972476959229
PP y Cs ya ven casi imposible un acuerdo en Cataluña tras el órdago de Carrizosa ,El Mundo,NO,0.9976044297218324
Los vascos sabrán desde hoy si están en una mesa electoral el 21-A ,El Correo,NO,0.8105140924453735
Fracasa el último intento de pacto entre el PSC y los Comuns sobre los presupuestos de Barcelona ,El Periódico,NO,0.9999396800994872
Dos de los fallecidos en el accidente de la AP-4 en Sevilla eran de los clanes de ‘Los Mellis’ y ‘El Tapi’ ,AS,NO,0.9999508857727052
El preso que mató a la cocinera de la cárcel de Mas d'Enric fue evaluado 14 veces y mostraba buena conducta ,El Mundo,NO,0.999815046787262
"Procesión de borrascas y vaguadas esta Semana Santa 2024: lluvias, nieve y frío ",Eltiempo.es,NO,0.999946117401123
Escrivá plantea becas para los opositores y recortar a un año el plazo para ser funcionario ,Expansión,NO,0.999969720840454
"¿Qué ocurre entre Ribera, Iberdrola, Repsol y el ecopostureo? ",El Periódico,SI,0.519324004650116
Ayuso: “El Gobierno de Madrid debería sufragar la vivienda oficial para el presidente” ,AS,SI,0.9907788038253784
Los leales a Zaplana lo dejan solo para pactar reducciones de condenas ,elDiario.es,SI,0.9816068410873412
Este es el número del cupón de la ONCE que la reina Letizia se ha llevado a casa (y ha agotado) ,Libertad Digital,SI,0.9999678134918212
Ouigo responde a las advertencias de Óscar Puente: Es la primera vez que nos critican por poner precios bajos ,El Mundo,NO,0.99996018409729
Los madrileños podrán pagar desde hoy los impuestos autonómicos con Bizum ,La Razón,NO,0.9999632835388184
Barajan causas naturales en la muerte de la mujer muerta en una gasolinera de Sevilla ,Telecinco,NO,0.9999731779098512
Semana Santa de Cartagena: La Semana Mayor empieza atenta al cielo ,La Verdad,NO,0.9999505281448364
Empate “técnico”... hasta contar los votos ,Deia,NO,0.9999637603759766
"Montero exprime las rentas de los trabajadores y los beneficios de las empresas para recortar el déficit al 3,7% ",ABC.es,NO,0.999968647956848
Dirigentes del PP ven un error la polémica de Ayuso con los periodistas y piden no dar aliento al PSOE ,El Mundo,SI,0.8264219164848328
Un mes en Safranar tras el incendio de Campanar ,Las Provincias,NO,0.99994158744812
Los productores valencianos esperan que la nueva ley de À Punt haga «más ágil y eficaz» la televisión pública ,Las Provincias,NO,0.9999673366546632
"Eugenio Ribón, sobre el caso del novio de Ayuso: La Fiscalía ha incurrido de forma palmaria en una revelación de secretos ",El Mundo,NO,0.999952793121338
"Guía de la Semana Santa de Córdoba: hermandades, itinerarios y horarios ",Diario Córdoba,NO,0.9999240636825562
"La mafia de Víctor, el hombre que esclavizaba a chicas con su exnovia en dos pisos de Torrejón ",ABC.es,SI,0.9998955726623536
Arden al menos dos naves de una empresa textil en Aielo de Malferit ,Las Provincias,NO,0.9999622106552124
Detenida la mujer que llamó al 112 informando de la muerte de un hombre en Manises ,Telecinco,NO,0.9999654293060304
El derecho al olvido en internet no está garantizado una vez cumplida la pena ,La Vanguardia,NO,0.9999130964279176
Las viviendas turísticas deberán contar con la autorización de las comunidades de vecinos ,El Comercio: Diario de Asturias,NO,0.9999065399169922
El Ayuntamiento de Burgos no descarta ahora reparar la pista de skate de San Isidro ni su clausura ,Diario de Burgos,NO,0.9949689507484436
Bolaños desmonta a Alsina cuando defiende al novio de Ayuso ,elplural.com,NO,0.9999579191207886
Margarita Robles aclara si volverá la mili obligatoria tras la escalada bélica en Europa ,El HuffPost,NO,0.9999645948410034
El tono “matón” del PP de Feijóo y Tellado en el Congreso es calificado de “bochornoso” en chats de su grupo parlamentario ,EL PAÍS,SI,0.9968518614768982
¿Quién es Nicodemo y qué representa en el nuevo misterio del Buen Fin? ,ABC.es,SI,0.9999488592147828
Zaragoza diseña un Parque de Atracciones más moderno y que sea referente en el noreste de España ,Heraldo.es,NO,0.9999579191207886
"Juan Carlos Girauta, número 3 en la lista de Vox a las elecciones europeas ",elDiario.es,NO,0.9999719858169556
Cientos de personas se concentraron anoche ante la sede del PP para pedir la dimisión de Ayuso ,La Vanguardia,SI,0.9997801184654236
"Isabel la Católica, Colón y Cervantes, entre los finalistas a convertirse 'El mejor de la historia' en La 1 ",El Periódico,NO,0.9999666213989258
MÁR: el escudero para todo de Ayuso ,EL PAÍS,SI,0.9999589920043944
¿Qué son los gastos deducibles? Todo lo que te puedes deducir en la Renta 2023 ,El Independiente,NO,0.999667763710022
"Una víctima de los 'PetaZetaz', investigada por difundir un vídeo sexual de una joven con uno de ellos ",El Mundo,NO,0.999290943145752
Un jurado popular declara no culpables a los tres policías que mataron a Kebyn en su casa de Vallecas ,elDiario.es,NO,0.9999297857284546
"El MARQ ultima sus salas temporales para acoger 'Dinastías', su nueva exposición internacional ",La Vanguardia,NO,0.9999690055847168
El alcalde de Favara dimitirá el lunes tras expulsar a dos ediles de Compromís ,Levante-EMV,NO,0.9999674558639526
"La demolición de la chimenea de la térmica de Carboneras (Almería), otro paso a la descarbonización ",El Mundo,NO,0.9999572038650512
"Estos tres pueblos de Catalunya, los únicos que logran colarse entre los 35 más felices de España ",MUNDO DEPORTIVO,NO,0.9990167617797852
"Almeida endeudó al Ayuntamiento de Madrid en 48 millones de euros más durante 2023, pese a registrar superávit ",Somos Madrid,NO,0.9999358654022216
"Roban en un supermercado de Calatayud, se dan a la fuga en coche y envisten a la Policía ",Heraldo.es,NO,0.9999122619628906
Infolibre rectifica una información en la que acusaba a Feijóo de favorecer a la empresa en la que trabaja su ,La Razón,NO,0.99996817111969
El impresionante frontón Beti Jai reabre sus puertas tras más de un siglo: cómo conseguir entradas gratis ,EL ESPAÑOL,SI,0.9992187023162842
El CIS da una victoria al PNV en las elecciones vascas con un escaso margen sobre EH Bildu ,EL PAÍS,NO,0.9999653100967408
¡Giro de guion! La borrasca Nelson se despide y esto es lo que está por llegar... ,Sport,SI,0.999925971031189
El Gobierno llevará al Constitucional las leyes de memoria autonómicas impulsadas por el PP y Vox ,ABC.es,SI,0.987194001674652
Aviso de Puente con los precios del AVE: “Van a subir…” ,AS,NO,0.9998657703399658
El PP confirma que Francina Armengol será citada a declarar en la comisión del Senado ,La Vanguardia,SI,0.5041115880012512
Ayuso cree que PSOE no disimula que busca a través de lo personal hacer daño ,El Diario Vasco,SI,0.9997900128364564
España discrepa con Alemania sobre el tipo de objeto que sobrevoló la península ,El Mundo,NO,0.9999613761901855
"¿Dónde es festivo hoy 1 de abril, Lunes de Pascua? ",Antena 3 Noticias,NO,0.9997041821479796
Rescatan a una conductora atrapada con sus hijos en la nieve del Puerto de Honduras ,Hoy.es,NO,0.9999679327011108
El Gobierno evalúa los efectos del temporal en las playas y paseos de Catalunya ,El Periódico,NO,0.9999666213989258
Última hora política en España y elecciones en directo: el Gobierno de Ayuso aplicó los ‘protocolos de la vergüenza’ ,AS,SI,0.9999107122421264
"Alsina, sobre las elecciones vascas: La opción de gobierno de Bildu es un gobierno de coalición con el P ",Onda Cero,NO,0.9999712705612184
La ministra de Sanidad reprocha la “pseudoterapia” de Pablo Motos: “Puede poner en riesgo la salud” ,EL PAÍS,NO,0.9887917041778564
Renfe ejecuta la sanción de 166 millones a Talgo y la ampliará cada día desde hoy ,elEconomista,NO,0.9999675750732422
Interior investigará la actuación de la Policía Nacional en Lavapiés ,Telecinco,NO,0.999970555305481
Fernando Clavijo pide sentido común a quienes protestan contra el turismo ,El Día,NO,0.9999260902404784
El horario de verano entra en vigor desde la pasada madrugada ,Telecinco,NO,0.999942183494568
"Crimen en La Laguna: Desacuerdos con la herencia familiar, posible detonante de la pelea entre los hermanos ",Diario de Cádiz,NO,0.9999626874923706
El Gobierno de Ayuso confirma la aplicación de los ‘protocolos de la vergüenza’ durante la pandemia ,AS,NO,0.999948024749756
"Alberto Núñez Feijóo: 'Mi objetivo no es incendiar Cataluña, es darle estabilidad' ",El Mundo,NO,0.9973222613334656
"Los embalses de Sevilla, al 65% tras el paso de la borrasca Nelson en Semana Santa ",ABC.es,NO,0.9999667406082152
"Muere José Díaz, el joven de Huelva que luchaba para conseguir que le aplicaran la eutanasia ",Telecinco,NO,0.9992484450340272
Estas son las deducciones para inquilinos y caseros por el alquiler en la Renta 2023-2024 ,elEconomista,NO,0.9972559809684752
El Ebro se desborda con sus embalses a rebosar por la lluvia y el Gobierno enviará agua desde Valencia a Barcelona tras las elecciones catalanas ,ABC.es,NO,0.9965877532958984
Los cambios en la indemnización por despido que llegarían tras el ‘toque’ de Europa a España ,AS,NO,0.9999104738235474
"Tirotean y queman un muñeco de Koldo García, el ex asesor del ex ministro Ábalos, en la fiesta de Judas en Coripe (Sevilla) ",El Mundo,NO,0.9999361038208008
EH Bildu ve en la movilización del Aberri Eguna el comienzo de un ciclo político nuevo ,COPE,NO,0.9999617338180542
La operación retorno de Semana Santa causa retenciones en distintas vías destino Madrid ,La Vanguardia,NO,0.9999674558639526
Alerta por el desbordamiento del Guadalquivir en la provincia de Córdoba ,El Correo de Andalucía,NO,0.9999628067016602
Vox se pliega ante Ayuso y exhibe su doble rasero ante el fraude y los lazos familiares ,infoLibre,NO,0.9987277388572692
Mario Picazo habla del fenómeno que se aproxima a estas zonas: Aguas mil ,El Periódico de Extremadura,NO,0.9995417594909668
Javier de Andrés: «El voto al PP va a ser clave para centrar la política vasca» ,ABC.es,NO,0.983659029006958
Los autobuses de la EMT de Madrid serán gratuitos los días 2 y 3 de abril ,elEconomista,NO,0.9999306201934814
Cuándo es el próximo festivo en España tras la Semana Santa ,El Mundo,NO,0.9998669624328612
Las lluvias se retiran tras dejar el agua equivalente a cinco meses de consumo en la capital ,Diario Sur,NO,0.999969720840454
Cae un 15% la facturación de la hostelería en Andalucía durante la Semana Santa por la lluvia ,ABC.es,NO,0.9999595880508424
"Estas son las nuevas frecuencias de las líneas 31, 32 y 36 de autobús urbano en Zaragoza ",El Periódico de Aragón,NO,0.9999440908432008
El Guadalmellato empieza a desembalsar agua después de las lluvias de Semana Santa en Córdoba ,Diario Córdoba,NO,0.999954342842102
Batalla en el Constitucional para frenar las normas de Ayuso: el Defensor del Pueblo recurre la 'ley trans' y el PSOE la 'ómnibus' ,EL PAÍS,NO,0.9998712539672852
Catalunya se le resiste a Feijóo ,La Vanguardia,NO,0.9997990727424622
Un grupo de pescadores encuentra un cadáver en la playa granadina de La Velilla ,Público,NO,0.9999573230743408
La Semana Santa se ha vivido desde un profundo recogimiento por la lluvia ,Hoy,NO,0.9945371747016908
Investigan la muerte violenta de un hombre en Faura ,Las Provincias,NO,0.999970316886902
Avalada la condena del informático que mandó la lista de miembros de mesas electorales en un chat de padres ,El Periódico,NO,0.997191607952118
La tamborrada de Resurrección pone fin a la Semana Santa madrileña ,Heraldo.es,NO,0.999872088432312
La Aemet da la fecha de la llegada de un nuevo frente a España: estas serán las zonas más afectadas ,ABC.es,NO,0.9999475479125975
La lluvia deja a las tres hermandades del Domingo de Resurrección en Granada en sus templos ,Granada Hoy,NO,0.999913454055786
"El Buen Fin clausura la Semana Santa con un traslado exprés, sin florituras y con petaladas ",Diario de Sevilla,NO,0.9998237490653992
Estos son los vuelos que el Gobierno de Aragón quiere para Zaragoza: de Roma a Cádiz ,Heraldo.es,NO,0.9998062252998352
"La AEMET avisa del tiempo en Zaragoza para hoy, lunes 1 de abril ",El Periódico de Aragón,NO,0.9999544620513916
"El último fichaje 'mediático' del independentismo: el hombre del tiempo de TV3, a Esquerra ",El Mundo,NO,0.8633352518081665
Sumar ve una temeridad situar a Baleares “como una zona de escala” de la OTAN y traslada una queja a Defensa ,elDiario.es,NO,0.999969244003296
Barajas acogerá el primer edificio de viviendas de madera de Madrid ,ABC.es,NO,0.9999675750732422
Quironsalud recuerda la importancia del diagnóstico precoz del cáncer de colon para aumentar las probabilidades de curación ,Heraldo.es,NO,0.9999667406082152
Detenido un varón tras agredir a su pareja en su domicilio de Alcorcón ,alcorconhoy.com,NO,0.999966025352478
"Cuenta atrás para la boda del año: José Luis Martínez-Almeida, alcalde de Madrid, se casa con Teresa Urquij... ",Look,SI,0.999817192554474
Reina Letizia: la conversación que mantuvo con una mujer espontánea en una procesión - Fiesta ,Telecinco,SI,0.9999539852142334
Santa María se queda pequeña para arropar a los Resucitados en Cartagena ,La Verdad,NO,0.9997441172599792
El ayuntamiento no puede alarmarnos como si las palomas fueran una plaga bíblica ,El Periódico,SI,0.999953031539917
LOS EXPERTOS ANALIZAN UN NUEVO SOCAVÓN EN EL BARRIO DE LA MONTAÑA COLINDANTE AL QUE SE PRODUJO EN NOVIEMBRE ,Ayuntamiento de Aranjuez,NO,0.9999343156814576
Un maquinista finaliza su jornada en una localidad leonesa y deja el tren sin llegar al destino ,El Norte de Castilla,NO,0.9999489784240724
Cortadas tres carreteras en la provincia de Ciudad Real por intensas lluvias y desbordamientos ,elDiario.es,NO,0.9999685287475586
Los traslados de Estudiantes y Huerto a sus templos ponen el broche este lunes a la Semana Santa: estos son los horarios ,Diario Sur,NO,0.9984863996505736
Fuerteventura pide que la bonificación al carburante se extienda a las islas orientales ,elDiario.es,NO,0.9999725818634032
"Un nuevo frente se acerca a Galicia con más lluvia, viento y olas ",La Voz de Galicia,NO,0.9999679327011108
Qué hay detrás del plan fiscal catalán y los ataques a Repsol ,elEconomista,SI,0.9989826083183287
"Muere Emili Marín, director histórico de la revista Saó ",Levante-EMV,NO,0.999963402748108
"“Los papeles han demostrado que Franco fue un asesino, un mangante y un traidor” ",Ctxt.es,NO,0.9991083741188048
Miguel Ángel Rodríguez asegura que Feijóo ha estado permanentemente informado del caso de la pareja de... ,Público,SI,0.9998701810836792
